what,kind,bundleId,bundleVersion,description,time
started,bundle,org.eclipse.equinox.ds,1.3.0.v20110502,"org.eclipse.equinox.ds",1353528306610
started,bundle,org.eclipse.equinox.event,1.2.100.v20110502,"org.eclipse.equinox.event",1353528306611
started,bundle,org.eclipse.equinox.p2.core,2.1.0.v20110502-1955,"org.eclipse.equinox.p2.core",1353528306611
started,bundle,org.eclipse.equinox.p2.directorywatcher,1.0.300.v20110502-1955,"org.eclipse.equinox.p2.directorywatcher",1353528306611
started,bundle,org.eclipse.equinox.p2.engine,2.1.0.v20110511,"org.eclipse.equinox.p2.engine",1353528306611
started,bundle,org.eclipse.equinox.p2.metadata,2.1.0.v20110510,"org.eclipse.equinox.p2.metadata",1353528306611
started,bundle,org.eclipse.equinox.p2.metadata.repository,1.2.0.v20110511-1359,"org.eclipse.equinox.p2.metadata.repository",1353528306611
started,bundle,org.eclipse.equinox.p2.operations,2.1.0.v20110511-1821,"org.eclipse.equinox.p2.operations",1353528306611
started,bundle,org.eclipse.equinox.p2.reconciler.dropins,1.1.100.v20110510,"org.eclipse.equinox.p2.reconciler.dropins",1353528306611
started,bundle,org.eclipse.equinox.p2.repository,2.1.0.v20110601,"org.eclipse.equinox.p2.repository",1353528306611
started,bundle,org.eclipse.equinox.p2.ui.sdk.scheduler,1.0.100.v20110502-1955,"org.eclipse.equinox.p2.ui.sdk.scheduler",1353528306611
started,bundle,org.eclipse.equinox.p2.updatechecker,1.1.200.v20110502-1955,"org.eclipse.equinox.p2.updatechecker",1353528306611
started,bundle,org.eclipse.equinox.preferences,3.4.0.v20110502,"org.eclipse.equinox.preferences",1353528306611
started,bundle,org.eclipse.equinox.registry,3.5.100.v20110502,"org.eclipse.equinox.registry",1353528306611
started,bundle,org.eclipse.equinox.security,1.1.0.v20110502,"org.eclipse.equinox.security",1353528306611
started,bundle,org.eclipse.equinox.util,1.0.300.v20110502,"org.eclipse.equinox.util",1353528306611
started,bundle,org.eclipse.help,3.5.100.v20110426,"org.eclipse.help",1353528306611
started,bundle,org.eclipse.jdt.core,3.7.0.v_B61,"org.eclipse.jdt.core",1353528306611
started,bundle,org.eclipse.jdt.core.manipulation,1.4.0.v20110505-0800,"org.eclipse.jdt.core.manipulation",1353528306611
started,bundle,org.eclipse.jdt.launching,3.6.0.v20110509,"org.eclipse.jdt.launching",1353528306611
started,bundle,org.eclipse.jdt.ui,3.7.0.v20110531-1200,"org.eclipse.jdt.ui",1353528306611
started,bundle,org.eclipse.jface,3.7.0.I20110522-1430,"org.eclipse.jface",1353528306611
started,bundle,org.eclipse.jsch.core,1.1.300.I20110514-0800,"org.eclipse.jsch.core",1353528306611
started,bundle,org.eclipse.jst.ws.jaxws.utils,1.0.0.v201004171919,"org.eclipse.jst.ws.jaxws.utils",1353528306611
started,bundle,org.eclipse.ltk.core.refactoring,3.5.200.v20110505-0800,"org.eclipse.ltk.core.refactoring",1353528306611
started,bundle,org.eclipse.ltk.ui.refactoring,3.6.0.v20110505-0800,"org.eclipse.ltk.ui.refactoring",1353528306611
started,bundle,org.eclipse.mylyn.bugzilla.core,3.6.0.v20110608-1400,"org.eclipse.mylyn.bugzilla.core",1353528306611
started,bundle,org.eclipse.mylyn.bugzilla.ui,3.6.0.v20110608-1400,"org.eclipse.mylyn.bugzilla.ui",1353528306611
started,bundle,org.eclipse.mylyn.commons.identity,0.8.0.v20110608-1400,"org.eclipse.mylyn.commons.identity",1353528306611
started,bundle,org.eclipse.mylyn.commons.net,3.6.0.v20110608-1400,"org.eclipse.mylyn.commons.net",1353528306611
started,bundle,org.eclipse.mylyn.commons.ui,3.6.0.v20110608-1400,"org.eclipse.mylyn.commons.ui",1353528306611
started,bundle,org.eclipse.mylyn.context.core,3.6.0.v20110608-1400,"org.eclipse.mylyn.context.core",1353528306611
started,bundle,org.eclipse.mylyn.context.ui,3.6.0.v20110608-1400,"org.eclipse.mylyn.context.ui",1353528306611
started,bundle,org.eclipse.mylyn.monitor.ui,3.6.0.v20110608-1400,"org.eclipse.mylyn.monitor.ui",1353528306611
started,bundle,org.eclipse.mylyn.tasks.ui,3.6.0.v20110608-1400,"org.eclipse.mylyn.tasks.ui",1353528306611
started,bundle,org.eclipse.mylyn.team.ui,3.6.0.v20110608-1400,"org.eclipse.mylyn.team.ui",1353528306611
started,bundle,org.eclipse.search,3.7.0.v20110505-0800,"org.eclipse.search",1353528306611
started,bundle,org.eclipse.team.core,3.6.0.I20110525-0800,"org.eclipse.team.core",1353528306611
started,bundle,org.eclipse.team.cvs.core,3.3.400.I20110510-0800,"org.eclipse.team.cvs.core",1353528306611
started,bundle,org.eclipse.team.ui,3.6.100.I20110525-0800,"org.eclipse.team.ui",1353528306611
started,bundle,org.eclipse.ui,3.7.0.I20110602-0100,"org.eclipse.ui",1353528306611
started,bundle,org.eclipse.ui.console,3.5.100.v20110511,"org.eclipse.ui.console",1353528306611
started,bundle,org.eclipse.ui.editors,3.7.0.v20110517-0800,"org.eclipse.ui.editors",1353528306611
started,bundle,org.eclipse.ui.forms,3.5.100.v20110425,"org.eclipse.ui.forms",1353528306611
started,bundle,org.eclipse.ui.ide,3.7.0.I20110519-0100,"org.eclipse.ui.ide",1353528306611
started,bundle,org.eclipse.ui.navigator,3.5.100.I20110524-0800,"org.eclipse.ui.navigator",1353528306611
started,bundle,org.eclipse.ui.navigator.resources,3.4.300.I20110421-1800,"org.eclipse.ui.navigator.resources",1353528306611
started,bundle,org.eclipse.ui.net,1.2.100.I20110511-0800,"org.eclipse.ui.net",1353528306611
started,bundle,org.eclipse.ui.views,3.6.0.I20110412-0800,"org.eclipse.ui.views",1353528306611
started,bundle,org.eclipse.ui.workbench,3.7.0.I20110519-0100,"org.eclipse.ui.workbench",1353528306611
started,bundle,org.eclipse.ui.workbench.texteditor,3.7.0.v20110505-0800,"org.eclipse.ui.workbench.texteditor",1353528306611
started,bundle,org.eclipse.wst.common.project.facet.core,1.4.200.v201103170332,"org.eclipse.wst.common.project.facet.core",1353528306611
started,bundle,org.eclipse.wst.web,1.1.500.v201104251400,"org.eclipse.wst.web",1353528306611
started,bundle,com.aptana.interactive_console,2.7.1.2012100913,"com.aptana.interactive_console",1353528306611
started,bundle,com.aptana.shared_core,2.7.1.2012100913,"com.aptana.shared_core",1353528306611
started,bundle,com.python.pydev,2.7.1.2012100913,"com.python.pydev",1353528306611
started,bundle,com.python.pydev.analysis,2.7.1.2012100913,"com.python.pydev.analysis",1353528306611
started,bundle,com.python.pydev.codecompletion,2.7.1.2012100913,"com.python.pydev.codecompletion",1353528306611
started,bundle,com.python.pydev.refactoring,2.7.1.2012100913,"com.python.pydev.refactoring",1353528306611
started,bundle,org.python.pydev,2.7.1.2012100913,"org.python.pydev",1353528306611
started,bundle,org.python.pydev.core,2.7.1.2012100913,"org.python.pydev.core",1353528306611
started,bundle,org.python.pydev.debug,2.7.1.2012100913,"org.python.pydev.debug",1353528306611
started,bundle,org.python.pydev.django,2.7.1.2012100913,"org.python.pydev.django",1353528306611
started,bundle,org.python.pydev.jython,2.7.1.2012100913,"org.python.pydev.jython",1353528306611
started,bundle,org.python.pydev.parser,2.7.1.2012100913,"org.python.pydev.parser",1353528306611
started,bundle,org.python.pydev.red_core,2.7.1.2012100913,"org.python.pydev.red_core",1353528306611
started,bundle,org.python.pydev.refactoring,2.7.1.2012100913,"org.python.pydev.refactoring",1353528306611
os,sysinfo,,,"macosx",1353528306615
arch,sysinfo,,,"x86_64",1353528306615
ws,sysinfo,,,"cocoa",1353528306616
locale,sysinfo,,,"en_US",1353528306616
processors,sysinfo,,,"2",1353528306616
java.runtime.name,sysinfo,,,"Java(TM) SE Runtime Environment",1353528306616
java.runtime.version,sysinfo,,,"1.6.0_37-b06-434-11M3909",1353528306616
java.specification.name,sysinfo,,,"Java Platform API Specification",1353528306616
java.specification.vendor,sysinfo,,,"Sun Microsystems Inc.",1353528306616
java.specification.version,sysinfo,,,"1.6",1353528306616
java.vendor,sysinfo,,,"Apple Inc.",1353528306616
java.version,sysinfo,,,"1.6.0_37",1353528306616
java.vm.info,sysinfo,,,"mixed mode",1353528306616
java.vm.name,sysinfo,,,"Java HotSpot(TM) 64-Bit Server VM",1353528306616
java.vm.specification.name,sysinfo,,,"Java Virtual Machine Specification",1353528306616
java.vm.specification.vendor,sysinfo,,,"Sun Microsystems Inc.",1353528306616
java.vm.specification.version,sysinfo,,,"1.0",1353528306616
java.vm.vendor,sysinfo,,,"Apple Inc.",1353528306616
java.vm.version,sysinfo,,,"20.12-b01-434",1353528306616
started,bundle,org.eclipse.emf.ecore,2.7.0.v20110605-0747,"org.eclipse.emf.ecore",1353528306681
started,bundle,org.eclipse.team.cvs.ui,3.3.400.I20110510-0800,"org.eclipse.team.cvs.ui",1353528306685
started,bundle,org.eclipse.update.scheduler,3.2.300.v20100512,"org.eclipse.update.scheduler",1353528306891
started,bundle,org.eclipse.datatools.sqltools.parsers.sql.query,1.2.0.v201004291415,"org.eclipse.datatools.sqltools.parsers.sql.query",1353528306961
started,bundle,org.eclipse.update.configurator,3.3.100.v20100512,"org.eclipse.update.configurator",1353528307279
started,bundle,org.eclipse.update.core,3.2.500.v20110330,"org.eclipse.update.core",1353528307286
started,bundle,org.eclipse.cdt.codan.ui.cxx,2.0.0.201106081058,"org.eclipse.cdt.codan.ui.cxx",1353528307288
started,bundle,org.eclipse.emf.ecore.xmi,2.7.0.v20110520-1406,"org.eclipse.emf.ecore.xmi",1353528307333
started,bundle,org.eclipse.cdt.make.core,7.1.0.201106081058,"org.eclipse.cdt.make.core",1353528307361
started,bundle,org.eclipse.cdt.managedbuilder.core,8.0.0.201106081058,"org.eclipse.cdt.managedbuilder.core",1353528307536
started,bundle,org.eclipse.cdt.core,5.3.0.201106081058,"org.eclipse.cdt.core",1353528307817
started,bundle,org.eclipse.cdt.ui,5.3.0.201106081058,"org.eclipse.cdt.ui",1353528308272
started,bundle,org.eclipse.cdt.codan.core.cxx,1.0.0.201106081058,"org.eclipse.cdt.codan.core.cxx",1353528308292
started,bundle,org.eclipse.cdt.codan.core,2.0.0.201106081058,"org.eclipse.cdt.codan.core",1353528308292
started,bundle,org.eclipse.cdt.codan.checkers,1.0.0.201106081058,"org.eclipse.cdt.codan.checkers",1353528308306
started,bundle,org.eclipse.cdt.make.ui,7.1.0.201106081058,"org.eclipse.cdt.make.ui",1353528308306
opened,view,org.eclipse.ui.ide,3.7.0.I20110519-0100,"org.eclipse.ui.views.ProblemView",1353528309545
deactivated,workbench,org.eclipse.ui.workbench,3.7.0.I20110519-0100,"",1353528329558
activated,workbench,org.eclipse.ui.workbench,3.7.0.I20110519-0100,"",1353528335124
executed,command,org.eclipse.ui,3.7.0.I20110602-0100,"org.eclipse.ui.file.save",1353528345838
executed,command,org.eclipse.ui,3.7.0.I20110602-0100,"org.eclipse.ui.file.save",1353528354902
executed,command,org.eclipse.ui,3.7.0.I20110602-0100,"org.eclipse.ui.file.save",1353528356906
executed,command,org.eclipse.ui,3.7.0.I20110602-0100,"org.eclipse.ui.file.save",1353529516001
executed,command,org.eclipse.ui,3.7.0.I20110602-0100,"org.eclipse.ui.file.save",1353529519395
deactivated,workbench,org.eclipse.ui.workbench,3.7.0.I20110519-0100,"",1353529523741
activated,workbench,org.eclipse.ui.workbench,3.7.0.I20110519-0100,"",1353529659276
executed,command,org.eclipse.ui,3.7.0.I20110602-0100,"org.eclipse.ui.file.save",1353529667877
deactivated,workbench,org.eclipse.ui.workbench,3.7.0.I20110519-0100,"",1353529681510
activated,workbench,org.eclipse.ui.workbench,3.7.0.I20110519-0100,"",1353529840920
deactivated,workbench,org.eclipse.ui.workbench,3.7.0.I20110519-0100,"",1353529844779
activated,workbench,org.eclipse.ui.workbench,3.7.0.I20110519-0100,"",1353529845460
closed,workbench,org.eclipse.ui.workbench,3.7.0.I20110519-0100,"",1353529845758
started,bundle,org.eclipse.compare,3.5.200.I20110525-0800,"org.eclipse.compare",1353529846356
stopped,bundle,org.eclipse.jst.ws.axis.creation.ui,1.0.700.v201104070312,"org.eclipse.jst.ws.axis.creation.ui",1353529846639
stopped,bundle,org.eclipse.jst.ws.axis.consumption.ui,1.0.505.v201004211805,"org.eclipse.jst.ws.axis.consumption.ui",1353529846639
stopped,bundle,org.eclipse.jst.ws.axis.consumption.core,1.0.407.v201104071820,"org.eclipse.jst.ws.axis.consumption.core",1353529846639
stopped,bundle,org.eclipse.jst.ws.axis2.creation.ui,1.0.104.v201004211805,"org.eclipse.jst.ws.axis2.creation.ui",1353529846640
stopped,bundle,org.eclipse.jst.ws.axis2.consumption.ui,1.0.103.v201004211805,"org.eclipse.jst.ws.axis2.consumption.ui",1353529846640
stopped,bundle,org.eclipse.jst.ws.axis2.creation.core,1.0.106.v201004211805,"org.eclipse.jst.ws.axis2.creation.core",1353529846640
stopped,bundle,org.eclipse.jst.ws.axis2.consumption.core,1.0.105.v201004211805,"org.eclipse.jst.ws.axis2.consumption.core",1353529846641
stopped,bundle,org.eclipse.jst.ws.axis2.ui,1.0.303.v201003110431,"org.eclipse.jst.ws.axis2.ui",1353529846641
stopped,bundle,org.eclipse.jst.ws.axis2.core,1.0.204.v201004211805,"org.eclipse.jst.ws.axis2.core",1353529846642
stopped,bundle,org.eclipse.jst.ws.cxf.creation.ui,1.0.100.v201104022153,"org.eclipse.jst.ws.cxf.creation.ui",1353529846642
stopped,bundle,org.eclipse.jst.ws.creation.ui,1.0.609.v201103082016,"org.eclipse.jst.ws.creation.ui",1353529846642
stopped,bundle,org.eclipse.jst.ws.cxf.consumption.ui,1.0.0.v201003222311,"org.eclipse.jst.ws.cxf.consumption.ui",1353529846642
stopped,bundle,org.eclipse.jst.ws.consumption.ui,1.1.400.v201103082016,"org.eclipse.jst.ws.consumption.ui",1353529846643
stopped,bundle,org.eclipse.jst.ws.consumption,1.0.600.v201103082016,"org.eclipse.jst.ws.consumption",1353529846643
stopped,bundle,org.eclipse.jst.ws.cxf.consumption.core,1.0.0.v201003222311,"org.eclipse.jst.ws.cxf.consumption.core",1353529846643
stopped,bundle,org.eclipse.jst.ws.cxf.creation.core,1.0.100.v201104022153,"org.eclipse.jst.ws.cxf.creation.core",1353529846643
stopped,bundle,org.eclipse.jst.ws.cxf.ui,1.0.0.v201004171919,"org.eclipse.jst.ws.cxf.ui",1353529846643
stopped,bundle,org.eclipse.jst.ws.cxf.core,1.0.100.v201104022153,"org.eclipse.jst.ws.cxf.core",1353529846643
stopped,bundle,org.eclipse.jst.ws.uddiregistry,1.0.500.v201004211805,"org.eclipse.jst.ws.uddiregistry",1353529846644
stopped,bundle,org.eclipse.jst.ws.ui,1.0.403.v201004211805,"org.eclipse.jst.ws.ui",1353529846644
stopped,bundle,org.eclipse.jst.ws,1.0.508.v201104071820,"org.eclipse.jst.ws",1353529846644
stopped,bundle,org.eclipse.wst.ws.explorer,1.0.607.v201103082002,"org.eclipse.wst.ws.explorer",1353529846644
stopped,bundle,org.eclipse.wst.wsdl.ui,1.2.402.v201105050214,"org.eclipse.wst.wsdl.ui",1353529846644
stopped,bundle,org.eclipse.wst.ws.ui,1.1.200.v201004211805,"org.eclipse.wst.ws.ui",1353529846644
stopped,bundle,org.eclipse.wst.wsi.ui,1.0.502.v201104071820,"org.eclipse.wst.wsi.ui",1353529846644
stopped,bundle,org.eclipse.wst.wsi,1.0.401.v201104071820,"org.eclipse.wst.wsi",1353529846645
stopped,bundle,org.eclipse.wst.ws,1.1.203.v201004211805,"org.eclipse.wst.ws",1353529846645
stopped,bundle,org.eclipse.jst.j2ee.webservice.ui,1.1.500.v201105122000,"org.eclipse.jst.j2ee.webservice.ui",1353529846645
stopped,bundle,org.eclipse.jst.j2ee.webservice,1.1.400.v201004110600,"org.eclipse.jst.j2ee.webservice",1353529846645
stopped,bundle,org.eclipse.wst.ws.parser,1.0.403.v201004211805,"org.eclipse.wst.ws.parser",1353529846645
stopped,bundle,org.eclipse.jpt.dbws.eclipselink.ui,1.0.0.v201104110000,"org.eclipse.jpt.dbws.eclipselink.ui",1353529846645
stopped,bundle,org.eclipse.jst.ws.jaxws.ui,1.0.100.v201104032053,"org.eclipse.jst.ws.jaxws.ui",1353529846645
stopped,bundle,org.eclipse.jst.ws.jaxws.core,1.0.100.v201104031139,"org.eclipse.jst.ws.jaxws.core",1353529846645
stopped,bundle,org.eclipse.mylyn.bugzilla.ui,3.6.0.v20110608-1400,"org.eclipse.mylyn.bugzilla.ui",1353529846647
stopped,bundle,org.eclipse.mylyn.bugzilla.core,3.6.0.v20110608-1400,"org.eclipse.mylyn.bugzilla.core",1353529846647
stopped,bundle,org.eclipse.mylyn.commons.xmlrpc,3.6.0.v20110608-1400,"org.eclipse.mylyn.commons.xmlrpc",1353529846650
stopped,bundle,org.eclipse.datatools.enablement.oda.ws.ui,1.2.2.v201105111200,"org.eclipse.datatools.enablement.oda.ws.ui",1353529846650
stopped,bundle,org.eclipse.datatools.enablement.oda.ws,1.2.2.v201011041216,"org.eclipse.datatools.enablement.oda.ws",1353529846650
stopped,bundle,org.eclipse.wst.wsdl,1.2.201.v201103211934,"org.eclipse.wst.wsdl",1353529846661
stopped,bundle,org.eclipse.wst.wsdl.validation,1.1.502.v201104071820,"org.eclipse.wst.wsdl.validation",1353529846661
stopped,bundle,org.eclipse.wst.xsl.exslt.ui,1.0.0.v201006012005,"org.eclipse.wst.xsl.exslt.ui",1353529846661
stopped,bundle,org.eclipse.wst.xsl.jaxp.debug.ui,1.0.200.v201103081922,"org.eclipse.wst.xsl.jaxp.debug.ui",1353529846661
stopped,bundle,org.eclipse.wst.xsl.ui,1.1.200.v201103082057,"org.eclipse.wst.xsl.ui",1353529846661
stopped,bundle,org.eclipse.wst.xml.xpath.ui,1.1.100.v201105030025,"org.eclipse.wst.xml.xpath.ui",1353529846661
stopped,bundle,org.eclipse.wst.xsl.debug.ui,1.0.200.v201101281837,"org.eclipse.wst.xsl.debug.ui",1353529846661
stopped,bundle,org.eclipse.wst.xsl.jaxp.launching,1.0.200.v201103081922,"org.eclipse.wst.xsl.jaxp.launching",1353529846661
stopped,bundle,org.eclipse.wst.xsl.launching,1.0.200.v201103081922,"org.eclipse.wst.xsl.launching",1353529846661
stopped,bundle,org.eclipse.wst.xsl.core,1.1.100.v201102270516,"org.eclipse.wst.xsl.core",1353529846662
stopped,bundle,org.eclipse.wst.xml.xpath.core,1.2.0.v201105030025,"org.eclipse.wst.xml.xpath.core",1353529846662
stopped,bundle,org.eclipse.datatools.enablement.oda.xml.ui,1.2.1.v201104211630,"org.eclipse.datatools.enablement.oda.xml.ui",1353529846662
stopped,bundle,org.eclipse.datatools.enablement.oda.xml,1.2.1.v201104121500,"org.eclipse.datatools.enablement.oda.xml",1353529846662
stopped,bundle,org.eclipse.jst.jsf.apache.trinidad.tagsupport,1.1.200.v201104061711,"org.eclipse.jst.jsf.apache.trinidad.tagsupport",1353529846662
stopped,bundle,org.eclipse.jst.jsf.facelet.ui,1.0.1.v201104032306,"org.eclipse.jst.jsf.facelet.ui",1353529846662
stopped,bundle,org.eclipse.jst.jsf.facelet.core,1.0.100.v201104191527,"org.eclipse.jst.jsf.facelet.core",1353529846662
stopped,bundle,org.eclipse.jst.jsf.facesconfig.ui,1.2.2.v201103292152,"org.eclipse.jst.jsf.facesconfig.ui",1353529846662
stopped,bundle,org.eclipse.jst.jsf.ui,1.3.2.v201104251204,"org.eclipse.jst.jsf.ui",1353529846662
stopped,bundle,org.eclipse.jst.pagedesigner.jsf.ui,1.2.100.v201104061711,"org.eclipse.jst.pagedesigner.jsf.ui",1353529846662
stopped,bundle,org.eclipse.jst.pagedesigner,1.3.3.v201104032306,"org.eclipse.jst.pagedesigner",1353529846663
stopped,bundle,org.eclipse.jst.jsf.core,1.3.5.v201105031140,"org.eclipse.jst.jsf.core",1353529846663
stopped,bundle,org.eclipse.jst.jsf.common.ui,1.2.100.v201104061711,"org.eclipse.jst.jsf.common.ui",1353529846663
stopped,bundle,org.eclipse.jst.jsf.standard.tagsupport,1.2.100.v201104061711,"org.eclipse.jst.jsf.standard.tagsupport",1353529846663
stopped,bundle,org.eclipse.jst.pagedesigner.jsp.core,1.2.0.v20100308,"org.eclipse.jst.pagedesigner.jsp.core",1353529846663
stopped,bundle,org.eclipse.jst.jsf.common,1.2.3.v201104061039,"org.eclipse.jst.jsf.common",1353529846663
stopped,bundle,org.eclipse.wst.jsdt.web.support.jsp,1.0.400.v201102241833,"org.eclipse.wst.jsdt.web.support.jsp",1353529846663
stopped,bundle,org.eclipse.jst.jsp.ui,1.1.600.v201105092017,"org.eclipse.jst.jsp.ui",1353529846663
stopped,bundle,org.eclipse.jst.jsp.core,1.2.400.v201105162116,"org.eclipse.jst.jsp.core",1353529846663
stopped,bundle,org.eclipse.wst.jsdt.web.ui,1.0.400.v201103080228,"org.eclipse.wst.jsdt.web.ui",1353529846663
stopped,bundle,org.eclipse.jpt.jaxb.eclipselink.ui,1.1.0.v201105110000,"org.eclipse.jpt.jaxb.eclipselink.ui",1353529846663
stopped,bundle,org.eclipse.jpt.jaxb.ui,1.1.0.v201105180000,"org.eclipse.jpt.jaxb.ui",1353529846663
stopped,bundle,org.eclipse.jpt.jpa.eclipselink.ui,2.0.0.v201104270001,"org.eclipse.jpt.jpa.eclipselink.ui",1353529846664
stopped,bundle,org.eclipse.jpt.jpa.ui,3.0.0.v201105170000,"org.eclipse.jpt.jpa.ui",1353529846664
stopped,bundle,org.eclipse.jst.j2ee.ejb.annotations.ui,1.1.200.v201004290730,"org.eclipse.jst.j2ee.ejb.annotations.ui",1353529846664
stopped,bundle,org.eclipse.jst.ejb.ui,1.1.600.v201104261451,"org.eclipse.jst.ejb.ui",1353529846664
stopped,bundle,org.eclipse.jst.servlet.ui,1.1.500.v201105122000,"org.eclipse.jst.servlet.ui",1353529846664
stopped,bundle,org.eclipse.jst.ws.jaxws.dom.integration,1.0.100.v201101252155,"org.eclipse.jst.ws.jaxws.dom.integration",1353529846664
stopped,bundle,org.eclipse.jst.jee.ui,1.0.400.v201105122000,"org.eclipse.jst.jee.ui",1353529846664
stopped,bundle,org.eclipse.jst.j2ee.navigator.ui,1.1.500.v201012020700,"org.eclipse.jst.j2ee.navigator.ui",1353529846664
stopped,bundle,org.eclipse.jst.j2ee.jca.ui,1.1.400.v201004150700,"org.eclipse.jst.j2ee.jca.ui",1353529846664
stopped,bundle,org.eclipse.jst.j2ee.ui,1.1.500.v201104151900,"org.eclipse.jst.j2ee.ui",1353529846664
stopped,bundle,org.eclipse.wst.web.ui,1.1.400.v201004141630,"org.eclipse.wst.web.ui",1353529846664
stopped,bundle,org.eclipse.wst.html.ui,1.0.600.v201104211436,"org.eclipse.wst.html.ui",1353529846665
stopped,bundle,org.eclipse.wst.css.ui,1.0.600.v201103022054,"org.eclipse.wst.css.ui",1353529846665
stopped,bundle,org.eclipse.wst.jsdt.web.core,1.0.400.v201104190230,"org.eclipse.wst.jsdt.web.core",1353529846665
stopped,bundle,org.eclipse.wst.html.core,1.1.500.v201104191551,"org.eclipse.wst.html.core",1353529846665
stopped,bundle,org.eclipse.wst.css.core,1.1.500.v201104191926,"org.eclipse.wst.css.core",1353529846665
stopped,bundle,org.eclipse.jpt.jaxb.eclipselink.core,1.0.0.v201105180000,"org.eclipse.jpt.jaxb.eclipselink.core",1353529846665
stopped,bundle,org.eclipse.jpt.jpa.eclipselink.core,2.0.0.v201105250000,"org.eclipse.jpt.jpa.eclipselink.core",1353529846665
stopped,bundle,org.eclipse.jpt.common.eclipselink.core,1.0.0.v201105180000,"org.eclipse.jpt.common.eclipselink.core",1353529846665
stopped,bundle,org.eclipse.jpt.jaxb.core,1.0.0.v201105240000,"org.eclipse.jpt.jaxb.core",1353529846666
stopped,bundle,org.eclipse.jpt.jpa.core,3.0.0.v201105250001,"org.eclipse.jpt.jpa.core",1353529846666
stopped,bundle,org.eclipse.jpt.common.ui,1.0.0.v201104120000,"org.eclipse.jpt.common.ui",1353529846666
stopped,bundle,org.eclipse.jpt.common.core,1.0.0.v201105180000,"org.eclipse.jpt.common.core",1353529846666
stopped,bundle,org.eclipse.jst.j2ee.xdoclet.runtime,1.1.300.v201004280700,"org.eclipse.jst.j2ee.xdoclet.runtime",1353529846666
stopped,bundle,org.eclipse.jst.j2ee.ejb.annotations.xdoclet,1.2.200.v201103302125,"org.eclipse.jst.j2ee.ejb.annotations.xdoclet",1353529846666
stopped,bundle,org.eclipse.jst.j2ee.ejb.annotations.emitter,1.1.200.v200909290826,"org.eclipse.jst.j2ee.ejb.annotations.emitter",1353529846667
stopped,bundle,org.eclipse.jst.j2ee.ejb.annotation.model,1.1.300.v201003112036,"org.eclipse.jst.j2ee.ejb.annotation.model",1353529846667
stopped,bundle,org.eclipse.jst.jee.ejb,1.0.301.v201007070821,"org.eclipse.jst.jee.ejb",1353529846667
stopped,bundle,org.eclipse.jst.j2ee.ejb,1.1.502.v201105180500,"org.eclipse.jst.j2ee.ejb",1353529846667
stopped,bundle,org.eclipse.jst.jee.web,1.0.301.v201007070907,"org.eclipse.jst.jee.web",1353529846668
stopped,bundle,org.eclipse.jst.ws.jaxrs.ui,1.0.400.v201104070312,"org.eclipse.jst.ws.jaxrs.ui",1353529846668
stopped,bundle,org.eclipse.jst.ws.jaxrs.core,1.0.300.v201011231608,"org.eclipse.jst.ws.jaxrs.core",1353529846668
stopped,bundle,org.eclipse.jst.j2ee.web,1.1.500.v201103021755,"org.eclipse.jst.j2ee.web",1353529846669
stopped,bundle,org.eclipse.jst.jee,1.0.401.v201105122000,"org.eclipse.jst.jee",1353529846669
stopped,bundle,org.eclipse.jst.j2ee.jca,1.1.400.v201005270700,"org.eclipse.jst.j2ee.jca",1353529846669
stopped,bundle,org.eclipse.jst.jsf.facesconfig,1.2.2.v201105031140,"org.eclipse.jst.jsf.facesconfig",1353529846669
stopped,bundle,org.eclipse.jst.j2ee,1.1.500.v201105122000,"org.eclipse.jst.j2ee",1353529846669
stopped,bundle,org.eclipse.jst.j2ee.core,1.2.100.v201105122000,"org.eclipse.jst.j2ee.core",1353529846669
stopped,bundle,org.eclipse.wst.dtd.ui,1.0.600.v201103171359,"org.eclipse.wst.dtd.ui",1353529846669
stopped,bundle,org.eclipse.wst.dtd.core,1.1.500.v201103300335,"org.eclipse.wst.dtd.core",1353529846669
stopped,bundle,org.eclipse.wst.xsd.ui,1.2.404.v201105050216,"org.eclipse.wst.xsd.ui",1353529846669
stopped,bundle,org.eclipse.wst.xml.ui,1.1.200.v201105111835,"org.eclipse.wst.xml.ui",1353529846669
stopped,bundle,org.eclipse.wst.xml.xpath2.wtptypes,2.0.0.v201103212215,"org.eclipse.wst.xml.xpath2.wtptypes",1353529846669
stopped,bundle,org.eclipse.wst.xsd.core,1.1.600.v201104070312,"org.eclipse.wst.xsd.core",1353529846669
stopped,bundle,org.eclipse.wst.xml.core,1.1.600.v201104251227,"org.eclipse.wst.xml.core",1353529846670
stopped,bundle,org.eclipse.mylyn.ide.ant,3.6.0.v20110608-1400,"org.eclipse.mylyn.ide.ant",1353529846670
stopped,bundle,org.eclipse.mylyn.java.ui,3.6.0.v20110608-1400,"org.eclipse.mylyn.java.ui",1353529846670
stopped,bundle,org.eclipse.mylyn.ide.ui,3.6.0.v20110608-1400,"org.eclipse.mylyn.ide.ui",1353529846670
stopped,bundle,org.eclipse.mylyn.team.ui,3.6.0.v20110608-1400,"org.eclipse.mylyn.team.ui",1353529846671
stopped,bundle,org.eclipse.mylyn.resources.ui,3.6.0.v20110608-1400,"org.eclipse.mylyn.resources.ui",1353529846671
stopped,bundle,org.eclipse.mylyn.wikitext.tasks.ui,1.5.0.v20110608-1400,"org.eclipse.mylyn.wikitext.tasks.ui",1353529846671
stopped,bundle,org.eclipse.mylyn.context.ui,3.6.0.v20110608-1400,"org.eclipse.mylyn.context.ui",1353529846672
stopped,bundle,org.eclipse.mylyn.help.ui,3.6.0.v20110608-1400,"org.eclipse.mylyn.help.ui",1353529846672
stopped,bundle,org.eclipse.mylyn.java.tasks,3.6.0.v20110608-1400,"org.eclipse.mylyn.java.tasks",1353529846672
stopped,bundle,org.eclipse.mylyn.tasks.bugs,3.6.0.v20110608-1400,"org.eclipse.mylyn.tasks.bugs",1353529846672
stopped,bundle,org.eclipse.mylyn.tasks.ui,3.6.0.v20110608-1400,"org.eclipse.mylyn.tasks.ui",1353529846672
stopped,bundle,org.eclipse.help.webapp,3.6.0.v20110518,"org.eclipse.help.webapp",1353529846672
stopped,bundle,org.eclipse.equinox.jsp.jasper.registry,1.0.200.v20100503,"org.eclipse.equinox.jsp.jasper.registry",1353529846673
stopped,bundle,org.eclipse.equinox.jsp.jasper,1.0.300.v20110502,"org.eclipse.equinox.jsp.jasper",1353529846673
stopped,bundle,org.eclipse.datatools.enablement.hsqldb.ui,1.0.0.v200906020900,"org.eclipse.datatools.enablement.hsqldb.ui",1353529846673
stopped,bundle,org.eclipse.datatools.enablement.ingres.ui,1.0.0.v201105270214,"org.eclipse.datatools.enablement.ingres.ui",1353529846673
stopped,bundle,org.eclipse.datatools.enablement.postgresql.ui,1.0.0.v200906020900,"org.eclipse.datatools.enablement.postgresql.ui",1353529846673
